,Hour,HR,O2Sat,Temp,MAP,Resp,BUN,Chloride,Creatinine,Glucose,Hct,Hgb,WBC,Platelets,Age,HospAdmTime,ICULOS,SepsisLabel,0,1
414084,71,1.2976150996507965,0.905284450154815,2.0261430460058136,-0.5498340880975513,0.8425871478076697,1.6144538581452816,2.324857764246304,-0.45306001459210576,-0.5446946835777411,-1.4294168238112819,-1.4946206361516072,-1.92708357528437,-4.573623068581439,80.62,-0.04,72,1,0,1
994658,15,1.0102206776751452,-0.3689400838013583,-0.5005667120084394,0.4711913850789225,0.8425871478076697,-1.0018910062443402,0.6785059404485039,-0.14976532547459864,-0.8026223234930777,0.9864489917896052,0.8484971460801625,-1.2570259898886702,0.7760986687954169,21.0,-0.05,16,0,0,1
1536811,20,0.43543183372384253,-0.3689400838013583,1.1562921457058304,0.17304674478395546,1.2302675736754207,-0.5948488917520092,0.12972199918257052,-0.41300629447687964,-0.5138316313234211,-1.4294168238112819,-1.4946206361516072,0.28347692091398957,0.061320500565685596,52.0,-86.83,28,0,0,1
1552053,53,-0.7141458541787626,-0.6874962172904016,0.1897911453725047,-0.6208026816191878,-0.12661391686170745,2.8532897253948595,-1.333701844193252,1.5239188907997439,0.5745153776426539,0.11602674940399184,-0.27212440194372717,-1.4073465339180469,-0.8870585128433487,62.0,-3.19,54,0,1,0
